2583488094,据说，九月份开始，很多亲就能摆脱最近的各种烦，各种感冒发烧，各种不顺心，狮子座，金牛座，处女座，射手座，双子座，水瓶座，巨蟹座将好运连连，被点名的星座九月前转发必准…「转」,3617508999105845,210.14.128.146,1377964817,1,0
2750214067,[赞]//@作家天佑---: [哈哈]是的，有诋毁中国梦的意思。,3617509271758865,119.165.180.27,1377964884,3,0
1677126410,@广州公安 的一个帖子获得了一片称赞声，当大家纷纷竖起大拇指为之叫好时，该帖子却被他自己删除了。,3617509292435640,123.52.219.61,1377964886,1,0
2289790874,回复@长卿怜月:[哈哈][哈哈][哈哈][爱你][哈哈] //@长卿怜月:可嫑这样说。女人对自己下手就得狠点[阴险]，白云的经典名言呐。 //@幸福的清雅小院:刚进来们。来吧。粗茶淡饭。我给老公烤的肉。动车晚点了 //@长卿怜月:姐姐，介么晚了，大哥还不回家。我陪你吃饭吧，不等他了[馋嘴]。,3617509372430551,123.235.31.78,1377964907,3,0
1581544960,//@陈全武:/6.8/@火把果新闻台: 5.9.12 //@街角顽童:8.9。。。有没有什么意义的？//@南蛮洋芋:是，至今未婚，也无恋爱史！//@疑无此人:装纯？ //@南蛮洋芋:8.11.12 //@疑无此人:4、9 各位呢？@滇东北汉马 @街角顽童 @南蛮洋芋 //@蓉城往事stone:回复@朱旗1981:[威武] //@朱旗1981:7，9。,3617511527953789,119.6.254.189,1377965421,3,0
2298759413,一位投递员妻子在送给他丈夫的贺卡上写道：“热恋时，我是加急电报；新婚时，我是挂号信；生完孩子后，我是平信；结婚10年时，我只是一张便条。”,3617512006774932,114.112.65.18,1377965534,1,0
1109706135,新友夜好[握手][咖啡][心]//@关注2091733875:转发微博,3617510123278501,114.249.178.76,1377965086,3,0
2697649164,@正义之剑正传：周容娇有铁证能证明其父周就盛之死为冤死。广东省珠海市委书记李嘉与下属沆瀣一气，狼狈为奸，并指令珠海斗门地方政府非法扣押和强迫周容娇夫妇不准继续上访；李嘉的行为已触犯《中华人民共和国刑法》第四章第二百三十八条之规定，依法应对李嘉以“侵犯公民人身权利民主权利罪”论处,3619683347231005,112.96.191.96,1378483222,3,0
1093622153,如果大清说自己不是为了一个家族利益，而是为实现共产主义为天下人民服务，你就不好意思嚷着要推翻它了。,3619683377093142,97.93.102.168,1378483228,3,0
1644395354,四川老板太强大了！ [哈哈]（转）,3619683515382394,121.10.143.31,1378483263,1,0
1467456304, 老子解释过自己的小国寡民？,3619684207360111,113.46.115.240,1378483428,2,0
2131445654,狮子座的童鞋，你中枪了吗？[嘻嘻],3619684324603357,210.14.128.146,1378483454,3,0
1242114850,[good],3619684651794518,42.62.0.45,1378483531,2,0
1109706135,我今天在#微盘签到#获得了76M免费空间，好运指数2颗星，你也来试试手气吧。@微盘 新浪网旗下云存储网盘！签到没过瘾？微盘玩大的！100G免费空间，限时疯抢中[来]http://t.cn/z8w3lJY ，常规签到入口http://t.cn/aoXFJa,3619684643144407,123.125.106.107,1378483530,1,0
1733770795,我想和一个最好的朋友，去路上看看风景。,3619320884228836,117.135.132.45,1378396805,3,0
1889213710,//@晓雨闻铃: //@刘胜军改革: @张维迎 @陈志武 @胡舒立,3619321404177667,112.64.69.208,1378396929,3,0
2131445654,哪里有爱，哪里就有财富和成功！[心],3619321940541555,210.14.128.146,1378397055,3,0
3488158204,转发微博,3619321962495022,117.88.240.248,1378397062,3,0
1990041580,有朋友送，不用客气！以后多联系！,3619322083806661,117.136.26.67,1378397089,2,0
2300716454,没睡的夜猫子们，在这条微博里聊聊天吧~[喵]说不定还能找到夜猫子以后每晚陪你聊。[害羞]人生最快乐的事之一，就是和一群聊得来的三八在三八。[月亮] ,3619320884590729,114.112.65.16,1378396802,1,0
2627997872,喜 欢你略带霸气的话语，字字写入心坎！！ [赞],3619320892980700,114.112.65.13,1378396803,3,0
1779744180,一个好老婆的作息时间表(太恐怖了！[吃惊] )最后一条你懂的！[偷笑]（转）,3619321442287154,114.112.65.17,1378396937,1,0
1744491812,期待，是所有心痛的根源。心不动，则不痛。,3619320934932967,114.112.65.18,1378396817,3,0
2298759413,丈夫正要出门，妻子嘱咐他买点绿色蔬菜回来。他走到菜市场，对一个菜农说：“这些蔬菜是为我妻子买的，上面有没有喷农药？” 菜农说：“真不好意思啊，没有。您买回去后自己喷吧！”,3617509058508775,114.112.65.18,1377964829,1,0
1670363364,//@徐昕: //@大案：转一次，这颗年轻的冤魂就稍安宁；转一次，她年迈的母亲就多一份希望；转一次，离正义的距离就更接近,3618596260339174,218.23.218.229,1378224039,3,0
2693166101,//@老榕:我们是人类，要站在人类这边。在人类和反人类之间讲中立，那是反人类者的PR，不要上当。,3618596322335326,125.95.219.6,1378224054,3,0
2097225683,//@思想史略: 这可不是谣言，[嘻嘻]原话见于《邓选》第二辑144-145页。//@袁腾飞: 应该注明出处[呵呵],3618596695915249,14.145.237.223,1378224144,3,0
1212109743,美国交通污染每年造成5.3万人死亡——分享自环球网@环球网 http://t.cn/z8fXxLf ,3618597513509190,14.208.137.176,1378224340,1,0
1642634100,【太平洋直购网传销帝国覆灭 骗38亿受害者680万】最新消息，曾经吹捧BMC”电子商务新模式的太平洋直购网实际上是一个传销组织。其背后江西精彩生活投资发展有限公司已经发展会员680多万人、人员涉及全国30个省份、收取保证金高达38亿元。相关负责人目前已经落网。http://t.cn/z8fixUe,3618596376781328,61.135.152.208,1378224069,1,0
2566928273,[音乐盒]个位晚安！十位你们继续玩！[拜拜],3617509028170836,123.130.9.168,1377964825,3,0
2219088342,我觉得男的吧。身上就应该是干净的肥皂味儿而不是难闻的香水，不要穿名牌戴名表一件干净的白衬衫一条整洁的牛仔裤都很好。不要学别人装逼要有上进心，应该有身结实的肌肉而不是一根根寒酸的排骨。最重要的是要会打完篮球大口大口的喝水而不是嘟着嘴对着手机自拍。即使你是基佬你也没有资格娘炮。转,3619321400334811,114.112.65.16,1378396928,1,0
1801487174,【财富新一天*人生感悟】成功不是戴上一个又一个花环，成功是战胜一个又一个挑战，成功是迈向既定目标，百折不挠，持之以恒，不达目的绝不罢休。成功者永远在路上。（转）,3617508957819888,114.112.65.11,1377964808,1,0
2309846073,35个国外的正版音乐免费下载网站,3617508994613198,210.14.128.146,1377964815,1,0
2525636520,精美纹身 全球独家，值得一赞！,3617509066899569,114.112.65.13,1377964830,3,0
1848090933,为什么我就注定得伤心？就你可以说走就走？我也可以啊！我舍不得罢了！——《春光乍泄》张国荣&amp;梁朝伟 （转）,3617508982719940,117.135.132.37,1377964815,1,0
1831455531,你什么时候回来啊？我们都很想你。,3617509044949537,61.51.140.65,1377964828,3,0
3638164040,【宁波新材料科技城建设全面启动】8月29日讯，宁波新材料科技城建设全面启动，明确科技城功能定位为“四区一中心”：国际一流、国内领先的新材料创新中心，创新驱动先行区、新兴产业引领区、高端人才集聚区、生态智慧新城区。与宁波国家高新区管委会实行“两块牌子、一套班子”合署办公。,3617509977030974,114.112.65.17,1377965050,1,0
2080983980,//@动保环保公益资讯播报-揭露大赦: //@找联盟: //@鸣人9410: //@在网言税: //@章元轻重论: 精辟。,3617510445978795,123.202.172.144,1377965160,3,0
1869981543,我是PC的，哈哈,3617509485391287,221.223.98.187,1377964934,2,0
1837687634,有了,3617509935076777,119.87.129.149,1377965038,2,0
1759146775,哈哈，其实牛街教子胡同有家馆子也做得很好,3617510681314609,61.149.37.33,1377965217,2,0
1780417033,你常用哪几个？[哈哈],3617509989048202,210.14.128.146,1377965052,3,0
2033175114,杰克盖茨比，一晃十六年。,3618596637182406,114.112.65.18,1378224131,1,0
2298759413,那天，我在幼儿园课堂上挑了一本最好的作业和一本最差的作业，拿起让大家看：“这本是小雅的作业，不但写得好，而且干净整洁，这本是阳阳的，不但字写得差，而且脏得很，大家知道这是为什么吗？”平时就极爱抢话的小强边举手边大声喊：“老师，我知道！因为小雅的爸爸是清洁工，阳阳的爸爸是挖煤的。”,3619683272054344,114.112.65.17,1378483205,1,0
2627997872,我喜欢[心]新浪首家“原宿星空系列”专题！大爱原宿星空啊[花心] 喜欢原宿和星空的朋友赶紧加入吧,3619683280863604,114.112.65.13,1378483207,3,0
2219088342,看一次笑一次。这哥哥实在是太坏了。。。「转」,3619683406460226,114.112.65.16,1378483237,1,0
2648728371,【贫道教你快速爱情花开】,3619683279868790,114.112.65.14,1378483205,3,0
2699566192,没睡的夜猫子们，在这条微博里聊聊天吧~[喵]说不定还能找到夜猫子以后每晚陪你聊。[害羞]人生最快乐的事之一， 就是和一群聊得来的三八在三八。[哈哈],3619683309812291,114.112.65.17,1378483214,1,0
3290881611,[给力] 参加限时活动http://t.cn/zQGdOEQ，[礼物] 就有机会赢取宏碁（acer）13.3英寸超极本！！！[围观] 快来参加吧http://t.cn/zQGdOEQ,3619683774840000,114.112.65.12,1378483323,3,0
1826017320,【联想觉悟了：Yoga 2，13英寸3200*1800超清屏】在IFA 2013德国柏林电子消费展上，联想发布了一系列新款Windows8 PC产品，其中，最受人瞩目的便是新一代变形本Yoga 2。采用了一块13英寸3200*1800像素的超清屏幕……详情点击：http://t.cn/z8i3t0c,3619683272054877,218.57.19.115,1378483207,1,0
1065618283,同祝！//@海波论经济:祝你早日康复；同时希望中国当局早日将你绳之以法。两不耽误。,3619684362590520,123.66.222.168,1378483462,3,0
1299654943,#古代兵器铁蒺藜#这两件铁蒺藜，出土于汉中勉县定军山古战场。铁蒺藜俗称扎马钉，以铁、铜作三锐锋或四锐锋，可散投，也可中贯绳索相连，以便收取。刺入马足，人马皆不得驰骋。大家从图片即能直观看出，这种铁蒺藜无论怎样扔投，总会有一头锐锋朝上，对骑兵杀伤力极大。 Via:成都武侯祠,3619683306035526,114.112.65.13,1378483210,1,0
2318703757,金龙鱼是现今硕果仅存的少数古生鱼类之一,3618233758058655,114.112.65.14,1378137612,3,0
2298759413,真正懂得搭配的人，才能把秋裤穿出冷艳高贵的时尚感！,3618233758490022,114.112.65.18,1378137614,1,0
1806128454,#历史上的今天#【别斯兰人质危机结束】2004年9月1日上午，一伙武装分子闯入俄罗斯北奥塞梯共和国别斯兰市第一中学，劫持学生、老师、家长为人质，即“别斯兰人质事件”。俄罗斯军方几经周旋，终于在9月3日成功营救。此次事件是俄罗斯最严重的恐怖主义袭击事件，326名人质死亡。http://t.cn/z8VZqFG,3618233821482913,114.112.65.13,1378137630,1,0
2309846073,迪拜一位名叫卡里姆( Karim)的航空客机飞行员兼摄影师近日在自己的办公地点拍摄了令人瞠目的图片......,3618233766201680,210.14.128.146,1378137615,1,0
2105572521,王小石快得瑟失业了。 //@莜小寒:逗5毛的事，怎么能少了你们两位呢。@李剑芒备用001 @老榕 [阴险]//@五岳散人: 我去，美国疯了，怎么造了这么多航母？,3618233762749364,62.140.132.189,1378137615,3,0
3194187021,这个人微博为零,3618233880214555,14.119.92.53,1378137643,2,0
1653689003,“所谓幸福感，难道不是像沉默在悲哀的河流底下微微闪耀着沙金一样的东西吗？经历过无限悲哀后，看到一丝朦胧的光明这种奇妙的心情。”（BY 太宰治）晚安，各位。,3617871437947429,121.33.107.20,1378051229,1,0
3194187021,今晚狗特多//@秦冠苹果2: 今晚被盯住咬了？还是群咬？ //@隋牧青律师:右边孙子在拿”五装士“威胁我吗？看看我前边发的微博 //@盆满钵满Lee: 隋牧青，敢传五壮士事件以身试法吗？ //@润科律师事务所--老毛:回复@隋牧青律师:你从你娘肚子生出来是公认的历史还是官定的历史?半桶水书生的逻辑水平！,3617871873255800,14.119.83.247,1378051334,3,0
1729908110,女汉子的20个习惯。,3617871358046593,117.135.132.45,1378051210,3,0
3638164040,【桂花糯米藕】相当美味的莲藕吃法，莲藕的香甜加上糯米的软糯，吃了就停不下来哇。还没吃过的朋友赶紧试试。,3617871362242017,114.112.65.17,1378051208,1,0
1977460817,【看手机至少离40厘米】 据《每日邮报》报道，英国眼科医师指出，手机屏幕对眼睛影响很大，甚至会导致基因改变。专家建议，人们应该每天出门接触阳光一段时间，对眼睛有保护作用；使用手机时，尽量保持40厘米以上的距离，如果看不清，可将手机字号调大；家长尽量不要过早为孩子配备手机。 （生命时报）,3617871614144123,211.100.47.135,1378051272,1,0
2648728371,女人呢，其实最重要的不是开心，是瘦。,3617871353119229,114.112.65.14,1378051208,3,0
2627997872,【一句话证明你待过广州】想一起玩转广州吗？,3617871358238918,114.112.65.13,1378051207,3,0
3542550035,说的好,3618958701367970,119.166.8.254,1378310452,2,0
1642482194,【老牛送杂志第二季跟踪】@牛文文 和@酒仙网郝鸿峰 送10万本《创业家》杂志及10万瓶酒 活动已结束！离您得到老牛和老郝联合赠送的9月刊杂志和一瓶美酒还有4天。查询按照规则是否成功获得奖品页面：http://t.cn/zQupTic 查询自己是否按照规则执行页面：http://weibo.com/1653714227/A4LfTlfQs,3618958785780909,114.112.65.15,1378310473,1,0
2298759413,狮子那招我也会！,3618958559432153,114.112.65.17,1378310420,1,0
2699566192,   没睡的夜猫子们，在这条微博里聊聊天吧~[喵]说不定还能找到夜猫子以后每晚陪你聊。[害羞]人生最快乐的事之一， 就是和一群聊得来的三八在三八。[哈哈]  ,3618958555050011,114.112.65.17,1378310415,1,0
2886322374,回复@深圳市新能电气:[心]统一安排，哈哈，以示公平。要不来俺画院[嘻嘻] //@深圳市新能电气:没给我送字，老乡这么不给面子！,3618959066452727,220.175.87.10,1378310541,3,0
1283431191,爱可以铸就一个天使，也可以孵化一个魔鬼！//@孔智勇-: 哎，终有一天，天一会被她送到绞刑架上的。,3618958865676812,61.133.41.70,1378310493,3,0
2318703757,1分钟破案,3618959012319294,114.112.65.13,1378310528,3,0
1644395354,当你不理我的时候，我就是这个样子！「转」,3618959746407969,121.10.143.31,1378310703,1,0
3722775574,到俺家来喝[嘻嘻],3618958743314814,123.152.40.216,1378310463,2,0
2525636520,到底还有多少我不知道的iphone技巧啊？不知道的快来看看吧，都是我们最实用的iphone技巧,3618958617977208,114.112.65.13,1378310435,3,0
1884245222,环保组织呼吁抵制Android KitKat http://t.cn/z8ID0BN,3618958672513239,121.9.213.37,1378310448,1,0
2537274757,转发微博,3618958647342411,211.140.5.118,1378310440,3,0
1642482194,【老牛送杂志第二季跟踪】@牛文文 和@酒仙网郝鸿峰 送10万本《创业家》杂志及10万瓶酒 活动已结束！离您得到老牛和老郝联合赠送的9月刊杂志和一瓶美酒还有3天。查询按照规则是否成功获得奖品页面：http://t.cn/zQupTic 查询自己是否按照规则执行页面：http://weibo.com/1653714227/A4LfTlfQs,3619321161112859,114.112.65.15,1378396872,1,0
2172776323,[哈哈]可以說大多數，但別忘了台灣也是有殺人強盜，詐騙的。就像大陸也有好人壞人。。,3619321236722289,219.86.30.73,1378396889,2,0
3638164040,【武汉一赌场设山坡上 特警一分钟内上山抓113名赌徒】汉阳一赌场设在陡峭的半山坡上， 唯一上山路上有许多竹子被赌场故意砍断，露出满地的尖茬，以给警察设障。出击特警沿着山路冲刺40秒钟到达赌场，与闻风窜出门外的赌徒短兵相接，数名特警或因搏斗或因尖茬受伤。,3618234278429469,114.112.65.16,1378137739,1,0
1733770795,人艰不拆[泪],3619683272472291,117.135.132.45,1378483205,3,0
1884245222,IFA2013：最轻Win8平板 VAIO Tap 11发布 http://t.cn/z8MGrBm,3619321031061451,121.9.213.44,1378396840,1,0
1158518402,散布不实信息，虚张声势博眼球，必须受到惩戒！//@曹同军: 老马，哥哥，对错又如何?谁特玛的糸bz//@马千里咨询:@君王也 被举报纯属咎由自取。这就是我的是非分明！//@曹同军: 擦，你是对的。,3619321282239092,27.38.25.123,1378396900,3,0
1884245222,100分的输家：一个146年历史的诺基亚为何4年间陨落 http://t.cn/z8fJ8Jr,3619321634913167,121.9.213.44,1378396984,1,0
1729908110,眼睛为她下着雨，心却为她打着伞，这就是爱情,3619322176451749,117.135.132.45,1378397110,3,0
1974576991,【合肥3000初中生早读不读课本 读奥巴马开学演讲稿】昨天，合肥寿春中学3000多名初中学生，在早读课上读起了美国总统奥巴马一篇开学演讲稿，引起一些家长议论，“早读课不读课本，不背诗文，怎么读起了美国总统的演讲稿呢？”学校回应称，有助于学生理解学习的意义。（新安晚报）http://t.cn/hdUpVC,3619321039240204,101.40.11.21,1378396839,1,0
1732472555,谢谢亲爱的对我们的支持哦。巴黎欧莱雅，你值得拥有 ！,3619321002055381,221.133.45.194,1378396831,2,0
2268291041,现实是铅球啊！,3619683523158997,119.254.35.196,1378483263,3,0
1665808371,宪政派公知喊自由，却不捍卫郭晓刚的人身自由；公知喊民主，却不尊重村民自主；公知喊人权，却不保护郭晓刚的生命权；公知喊法治，却认定陈宝成政法专业有天然正当性，赤裸裸地黑法治！还能相信公知什么呢？,3619683544381940,58.253.216.135,1378483270,3,0
2697649164,/@泉州的人:@吾非笨熊://@/@金馨ABC://@周容娇为父申冤5: 请广东省委常委、珠海市委书记李嘉同志，自我检查省常委的承诺。带领斗门区官员执行的现实实例证据。,3619683468628458,112.96.191.96,1378483251,3,0
1686300145,【黃子華53歲生日】有一段時間沒出席公開活動的#黃子華#，本來已經好瘦，又不時被人影到暴瘦，今日他在FB官方專頁放了張近照，子華今日53歲生日，好多粉絲當然有祝他生日快樂啦！但更多人是留意到子華真是愈來愈瘦，就快變紙板人了，粉絲都紛紛叮囑他要吃多點，肥一些才好看嘛：http://t.cn/z8Mydpl,3618958546166341,210.14.128.146,1378310415,1,0
2615417307,[心],3618958827732456,118.199.238.255,1378310481,2,0
1946834570,哈哈哈！评论说是牛魔王的女儿！有的说是哪吒！笑死了！,3618958823013160,117.136.11.3,1378310479,2,0
2562810123,转发微博,3618961042457259,114.112.65.15,1378311012,3,0
1801487174,【财富新一天*哲理】不论你多么富有，多么有权势，当生命结束之时，所有的一切都只能留在世界上，唯有灵魂跟着你走下一段旅程。人生不是一场物质的盛宴，而是一次灵魂的修炼，使它在谢幕之时比开幕之初更为高尚。（转）,3619683297644565,114.112.65.11,1378483208,1,0
2750214067,[话筒]云南一官员，将4岁幼女掳至家中性侵[怒]！！@中新网：近日一帖子称，8月24日，云南大关一名年仅4岁的幼女小玉，遭当地官员郭玉弛强行掳至家中性侵！医院检查显示，小玉处女膜完整，但阴道口有破裂并有出血！记者向大关县委宣传部求证得知，郭玉弛为该县机构编制委员会办公室主任。郭被停职刑拘。,3619683384735635,27.210.138.161,1378483232,1,0
2132734472,折上折！更新：6pm 现在全场额外15% OFF，使用折扣码 6PMLIKEBDAY http://t.cn/z8inygN,3619683783886732,50.136.150.156,1378483323,3,0
1644114654,回复@姚晨:我们都曾在母亲哼唱的摇篮曲中入眠。晚安。 //@姚晨:现在也总给我娃哼歌，想到长大后他并不会记得这一切，还是万般惆怅的。,3619684437861990,123.123.199.100,1378483483,3,0
2288486705,骑自行车的超人大哥？[思考],3619320947157096,114.112.65.18,1378396821,3,0
2031482343,[害羞]时间把握的相当好！！,3619320959542024,27.10.53.15,1378396822,2,0
1973827952,给力，找中医养生就找中医养身堂,3619320888424518,114.112.65.13,1378396803,3,0
3541483977,转发微博,3618958525870962,114.112.65.13,1378310412,3,0
2404392955,//@小胖纸弟: 等到这会 就是为了听这个正能量 干掉自己 加油 。。。 晚安。努力也需要技巧。,3618959750181127,111.11.27.50,1378310705,3,0
2202418750,[心][心][太阳][月亮][心][心][月亮][心][心][月亮][心][心][月亮],3617871374827306,116.48.194.56,1378051215,3,0
2507912842,[赞],3619320960103534,114.112.65.18,1378396823,3,0
1658768790,支付宝账号：956054224@qq.com 备注好自己的微博昵称，完后给我私信电话地址啥的。 到南方加12运费，北方加10，北京加8,3619321391299996,101.39.174.146,1378396923,2,0
2660887637,自己做的大盘鸡，很美味的样子有木有？虽然都这个点了，但是吃的欲望还是很强烈滴，哦吼吼～ [偷笑],3619321496731520,61.183.80.81,1378396948,1,0
1214537222,我不想说你上司。只知道很多人(60左右)有沉重的负罪感，但是不敢公开反思；还有人甚至还怀恋。这就是为什么中国很难实现转型正义。一句话，文革是疯狂的年代。@白红录,3619321329527127,144.214.156.4,1378396908,2,0
3699288685,大家应该劝美国瞄准点，最好一枚导弹就要了巴沙尔的命，斩首独裁者才能保叙利亚平安无数。。。,3619321563593304,222.83.146.7,1378396966,2,0
1997544897,【选票的差距】,3618958513097900,219.239.230.9,1378310408,3,0
2719276463,【酷友们晚安】我们需要的只是意识到自己有多幸运。 ,3618958517293314,114.112.65.13,1378310410,1,0
1234865357,你们不转，我也会以”安氏龙门阵“伺候的。[哈哈]//@安崇民: @人民日报 @新华社中国网事 @央视新闻 @中国之声 等等你们敢转一个？！,3618958604891525,182.142.192.221,1378310430,3,0
1733787604,据说：你梦到了一个人，是因为那个人在想你。 「转」,3617508974601656,117.135.132.44,1377964813,1,0
1744491812,人生是一种承受，我们要学会支撑自己。,3617508978523893,114.112.65.18,1377964813,3,0
1195347197,河北女子网上询问“是否发生命案”被拘留 http://t.cn/z8Gr2kG 广州网民污蔑狼牙山五壮士被拘http://t.cn/z8qXERA,3617510270093197,183.63.172.186,1377965119,1,0
1830442653,【音乐·新闻】#SHINee KEY#在#A Pink 郑恩地#面前素手无策，“恋爱导师的屈辱”。[偷笑] 30日播出的MBC《我们结婚了》节目中，两人与假想夫妇泰民-孙娜恩在游乐园4人进行Double Date，KEY却在恩地面前失误不断，以往恋爱导师的面貌消失不见。在采访中泰民也表示第一次见到他这个样子~[得意地笑],3617508948471597,118.186.207.250,1377964807,1,0
2356423042,没睡的夜猫子们，在这条微博里聊聊天吧~[喵]说不定还能找到夜猫子以后每晚陪你聊。[害羞]人生最快乐的事之一，就是和一群聊得来的三八在三八。[月亮],3617508978524239,114.112.65.14,1377964813,1,0
1779744180,99岁老太玩自拍，快乐是一种心态，与年龄无关。[哈哈]「转」,3617508977834417,114.112.65.14,1377964812,1,0
2757587374,//@冯健江在聊城市人民医院的遭遇: [围观][给力][转发][话筒][伤心][泪]谢好心人转发扩散；跪谢您们我给您们磕头了//@周石星: 何时？何地？博主最好提供5个W，方便当地政府和相关部门予以帮助。[话筒],3618596552610780,183.35.83.119,1378224110,3,0
2627997872,[给力] 哈哈哈哈哈哈~笑尿了！！！！！！！！！！！！！！,3618597132005644,114.112.65.13,1378224250,3,0
2318703757,终于都有粤语博啦，呢位广州靓女用粤语写博，真系好有特色，好靓女，锺意粤语嘅撑起~,3618596212845790,114.112.65.14,1378224028,3,0
1733770795,生日快乐~[爱你],3618596100464086,117.135.132.37,1378224003,3,0
1214537222,你耍流氓!（图片来自凤凰新闻）#放松心情# [嘻嘻],3619683821644667,175.159.67.173,1378483334,1,0
1638781994,【江苏台柱手掌骨折梦碎全运会】第十二届全运会男篮成年组比赛今日全面打响。江苏队今晚对阵解放军。最终，江苏队68比95大比分告负。但对于江苏队来说，更大的打击是，主力易立手掌骨骨折，将无缘接下来的比赛。江苏队损失至关重要的一名队员。http://t.cn/z8iuR58,3619683892544084,61.135.152.218,1378483353,1,0
1494720324,从外交的角度，至少阿拉伯之叉的态度上，他都民主党确实能尿一壶里。关于利比亚，就有个著名的麦凯恩-克里法案，很带劲。,3617871462663412,1.202.122.253,1378051235,2,0
2549578244,#晚安马鞍山#人，最好的心态是平静；最好的状态是简单；最好的感觉是自由；最好的心情是童心。晚安，各位！,3617871488289199,60.171.106.250,1378051242,1,0
1730311652,我觉得值得一转,3617872288528747,183.6.35.52,1378051434,3,0
2917855455,那是肯定的//@金建华导演工作室: 而且封号的理由会是反档反毛主席。 //@吴一陆:最后他肯定会被封号的。 //@金建华导演工作室: 若真有这事，毛主席估计会经常被左派骂。因为他总是敢向修正主义头目开炮。 //@吴一陆:毛主席肯定不会申请加V的。他老人家要和屁民保持一致的。估计到时候渣浪会封他的号的,3617873132303924,60.168.149.13,1378051631,3,0
2177015850,#晚安香港#岛国的广告不到最后一秒你都不知道它是想宣传啥子啊有木有！！只有想不到，没有做不到...你和你的小伙伴们惊呆了吗？,3617871412583887,114.112.65.13,1378051223,1,0
1109706135,//@美爱无言心永恒: [赞],3617871382775718,114.254.17.164,1378051215,3,0
3214103137,//@洪磊artist: //@Victor倪卫华: 太残酷了……//@摆古论今: 转发微博,3617871399998891,118.186.15.213,1378051219,3,0
1700315953,#南屏晚钟#：在冷酷和粗暴的世界里，用自己温柔的方式生存下去的人，是了不起的人，我想做一个了不起的人。—《只愿你曾被这世界温柔相待》   晚安，各位。,3617871399260760,114.112.65.11,1378051219,1,0
2757587374,//@在中国V: 村民实名举报！政府动用公安撬百姓的门，非法强拆强占。村官贪腐政府却撑起保护伞。,3618958983141245,183.35.93.166,1378310521,3,0
2653412901,感谢好友们持续给力支持！//@人在神游三世:→//@leo曾永樂:加油//@易斌的围脖: 谢谢转发！此案一审今天宣判了，结果没有悬念。我当庭提出了上诉。//@leo曾永樂:转发微博@法制资讯网 @寻找法制正义,3618596129359845,222.246.191.69,1378224008,3,0
2627997872,这个博里都是恐怖电影··爱看恐怖电影的都来看看了·[赞],3618233733383304,114.112.65.13,1378137607,3,0
1477045392,炒着吃,3618234353943016,123.118.126.125,1378137753,2,0
1922196194,还没[汗],3618234811287207,117.136.18.26,1378137864,2,0
1577502145,不靠谱的巴基斯坦火车花了一整天时间才把我们从Taxila送到Lahore(拉合尔)，文化和美食中心，说好的3小时硬被开成了8小时，到拉合尔都晚上8点了。。。被带到一家假冒Lahore Backpacker客栈，但找不到真的了。。只好去了另一家客栈。真TMD热[衰],3618233813092103,182.185.171.49,1378137627,1,0
1713926427,炸牛奶绝密教程，学起来~[鼓掌],3618234995878079,114.112.65.15,1378137908,3,0
1406387602,转发微博,3618235020410332,210.14.128.146,1378137913,3,0
2886322374,分享图片,3618233984766778,59.52.124.14,1378137666,1,0
2525636520,[爱你]爱Ta就带ta加入温馨浪漫的情感故事！！[心] [心],3618233766201407,114.112.65.14,1378137614,3,0
1837687634,【三招治谣】请@公安部打四黑除四害@平安北京 转傅政华副部长群众路线教育群众意见勿截留！一、设网侦局专司造谣诈骗等，协调全国执法标准不扩大不轻纵；二、先打老虎，从新浪腾讯等平台调取举报信息打击造传谣大V；三、摧毁造传谣根基，大V不怕拘留怕销号！以此避免形式主义一阵风走过场！,3618233938181977,119.85.76.202,1378137653,1,0
2013275930,十周年快乐！//@上海交通大学研究生会: 十周年生日快乐[蛋糕]//@清华研通社: 近期，研通社联合研究生报和博学网开展秋季学期“三大媒体纳新”，网络与实体纳新并举，敬请大家关注！,3618233954960239,113.205.58.4,1378137661,3,0
3602646120,極是！与其譲一群賍臭猪、臭虫乱拱毀林，不如譲好林員管理//@喜欢猛禽F-150:必须让外来护林人管理这一切,3618233960377466,180.47.240.161,1378137659,3,0
2288577367,开光咒语:金光神咒,3618958773195462,114.112.65.16,1378310468,3,0
1701401324,//@大案：转一次，这颗年轻的冤魂就稍安宁；转一次，她年迈的母亲就多一份希望；转一次，离正义的距离就更接近,3618958521488406,219.239.230.9,1378310411,3,0
1936604565,#心飞翔#有时候太过小心与太过粗心一样危险---简单永远是最佳方案，这跟尽可能说实话是一个道理，因为实话远远比谎言要容易记住。—— 格雷厄姆·格林《人性的因素》 晚安！,3618958496505443,114.112.65.13,1378310405,1,0
1884245222,Android 4.4命名为KitKat 意在吸引中青年 http://t.cn/z8I12TC,3618958706260949,121.9.213.44,1378310452,1,0
2369553407,右边好久不见么么哒//@JOHNMATVB: 且不论国外经典古典乐曲，就中国钢琴乐曲来说李云迪的演绎可以说目前无人能出其右了[赞]//@泥嚎添添圈: 这琴声，这柔情，，浪漫的醉人[风]//@李云迪YUNDI: 【在那遥远的地方】//@雲迪音乐:,3618958495983947,218.11.176.21,1378310405,3,0
2537274757,转发微博,3618958538269174,211.140.5.118,1378310416,3,0
1655444627,//@遗忘的独行侠:今天就在想，要是一直这样下去，大一的孩子们得对长沙产生多大的误解啊，不好不好,3618958562944995,58.20.27.174,1378310422,3,0
1733787604,小学时候我认为世界上最晚的时间是九点半，上了中学发现竟然还有十点多，高中觉得十一点半不睡觉第二天会死，现在我会轻蔑的一撇嘴，才十二点啊！「转」,3618958517480837,117.135.132.37,1378310410,1,0
2860998382,【“教材删除鲁迅文章”新闻失实 新浪网相关负责人将被严肃处理】@人民教育出版社微博 对于新浪首页的“鲁迅文章被删”的失实报道表示遗憾。@头条新闻 回应称，新浪网对发表了容易引起歧义的报道向人教社和网友深表歉意，有关责任人将被严肃处理。——截至目前，该事件依然停留在热门话题榜上。,3618958529540904,114.252.173.46,1378310413,1,0
1314608344,【初生小象遭妈妈用脚狂踢  独自流泪5小时[泪]】8月30日，一野生动物自然保护区，一只雄性亚洲象刚出生，就被妈妈狂踩狂踢。饲养员冒着生命危险把它夺出来时已是遍体鳞伤。治疗后的小象躺在小屋里，从凌晨2点多，一直哭到早上7点…见不到小象的象妈不吃不喝&quot;宝宝，妈妈错了&quot;[泪]http://t.cn/z8M4XpQ,3618958604891631,114.112.65.11,1378310429,1,0
1959831683,很冷咯！晚上只有几度，白天十度到二十度,3618960735926327,123.147.245.4,1378310939,2,0
2886322374,回复@伞兵4:以示感谢，不过俺念佛了，随便处置也妥。放下。 //@伞兵4:我会找最好的装裱，以示尊重 //@研子YZ:回复@海南木门之家:？》 //@海南木门之家:[泪][泪]还没见汪老回我。。。 //@研子YZ:回复@司马万言:[心] //@司马万言:仁兄好字！[good],3618958781217970,220.175.87.10,1378310471,3,0
2537274757,转发微博,3618958622171983,211.140.5.118,1378310433,3,0
1764222885,#震惊君夜话#你想开学吗？为什么？,3618958651184770,123.150.159.214,1378310442,1,0
2247686857,蹊跷！[伤心]//@米瑞蓉: 恶毒的女人！,3618596113300417,110.82.193.196,1378224002,3,0
1870530032,恶贯满盈，恶有恶报。 //@荣剑2010: 我相信，贺老师的这种感受是大多数人的共同感受，在人们普遍陷入迷茫甚至绝望时，突然峰回路转，这个看来像是铁板一块的阵营瞬间自我瓦解，真可谓多行不义必自毙。天意也，民意也。,3617871677072099,116.233.90.37,1378051285,3,0
2774905435,对啊！郎可精了！美帝可喜欢听他念叨了 //@暗人日地日天日:郎有吵作之嫌！//@亨哈1121://@军工兔代号007: @亨哈1121 @又见冰轮 @龙城凡木 @光头的阿加西 @猫猫他妈 @草根上的土 @姬红 @一泓清泉e,3617872032653440,112.97.38.233,1378051372,3,0
3241761470,首先，据我所知，资本论里没有国家资本主义一词，这是列宁创造的。其次，国家资本主义是资产阶级掌握国家政权，这意味着存在一个不劳而获、少劳多获的群体。这便是与社会主义的不同。,3617872461319130,117.22.75.176,1378051474,2,0
2569975474,那还不如说中国房价2000元呢，云贵小镇房价不到两千吧？如果他真这么辩解，我就只好说他脑残。,3617871483153207,27.38.228.54,1378051240,2,0
2982377872,我上次去時枯水期～更小～～～你拍這好多了[good],3617872566395594,112.112.69.143,1378051496,2,0
2131445654,   没睡的夜猫子们，在这条微博里聊聊天吧~[喵]说不定还能找到夜猫子以后每晚陪你聊。[害羞]人生最快乐的事之一， 就是和 一群 聊得来的三八在三八。[哈哈]  ,3618596167586585,114.112.65.17,1378224018,1,0
2757587374,//@人来人往LOVEME: 试试，我们有砖头[衰]//@从不欠嫖资的大V:[衰],3618596254791907,183.35.83.119,1378224040,3,0
1644625840,101天的筹备、132名员工的努力、27467位供应商的支持、千万买家的期待……Now，#94备货节#正式开启。我们共同期待B类交易盛世再度呈现！猛戳直达备货节：http://t.cn/z8fJMAP,3618596179701194,114.112.65.13,1378224021,1,0
1848090933,年轻的时候总是相信，还会遇到很多的人，后来在现实中发现那种机会是可遇而不可求的。——《日落之前》,3618596138219951,117.135.132.44,1378224009,1,0
2288486705,晚安天津，晚安小耐们。[心] ,3618596154467888,114.112.65.11,1378224014,1,0
2095611192,致亲爱的闺蜜[心],3618596154531089,114.112.65.13,1378224017,3,0
1497882593,同问。//@财新网: 如果当初谣言出现并罪处，现在是不是要平反呢？ ——财新网讨论中 http://t.cn/z8fAyGL,3618596900768466,123.123.177.168,1378224193,3,0
1726847380,【兩岸】作家身無分文 222張欠條走遍中國（2/2）其後他讓妻子將錢還回去，最大金額達5700元，最小的只有10元。近日，他將這段經歷寫成新作《欠條》，更邀請其中10位債主到他的新書發布會，他表示新書所有收益都會捐出做善事。,3618596355808302,119.133.20.198,1378224065,1,0
1471234522,这么说比较通俗一些。//@西未: 不能用嘴交流的时候那就只能用拳头了。,3617871852814373,113.46.38.63,1378051327,3,0
1930168350,转发微博,3617871873790443,114.112.65.15,1378051331,3,0
2302787264,超美的旧时代画报[赞]喜欢旧时代画报的童鞋，推荐关注@旧时代画报,3617872376616752,210.14.128.146,1378051452,3,0
1935416251,Keep your face to the sunshine and you cannot see the shadow. 永远面向阳光，这样你就看不见阴影了。（转）,3617871362242222,117.135.132.44,1378051212,1,0
1581544960,天再高又能怎样，踮起脚尖就能更接近阳光。,3617873119076447,119.6.98.58,1378051630,3,0
2167340422,转发微博,3617511151192717,1.192.29.115,1377965329,3,0
2398097600,同骂//@平民正义:我想骂人.这它妈什么世道?@佛山背后,3617508944960781,219.131.197.53,1377964805,3,0
1414148492,吴思：当代中国社会是一个什么样的社会？http://t.cn/z84MS9e,3617510194295483,221.217.39.72,1377965102,1,0
2988136341,毛主席不仅具有刘邦、李世民等伟大帝王的胸怀和气魄，也有大英雄的情怀。老人家在政治局会议上说一位受委屈的领导人：“不要忠于我，要忠于党，忠于国家，忠于人民。”那位领导人哭了，毛主席也哭了，在场的政治局委员都哭了。这是多么感人的场景！真可谓“左右皆泣，莫能仰视。”老人家太苦了！,3617510777363124,60.208.195.224,1377965242,1,0
3461350924,加油！一年比一年成绩好！,3617511499432596,183.46.86.8,1377965414,2,0
2406700997,学生会动静多了，没必要闹大而已//@Agasa已归西: 希望学生会在新学期有所作为，在过去的两年深中学生会基本没有任何动静。//@F1y_玖_FML: //@_KingB_: 转发微博,3617511540538141,112.95.165.124,1377965424,3,0
2780821631,@冰海季风,3618958517481030,77.172.216.236,1378310408,3,0
2300716454,没睡的夜猫子们，在这条微博里聊聊天吧~[喵]说不定还能找到夜猫子以后每晚陪你聊。[害羞]人生最快乐的事之一，就是和一群聊得来的三八在三八。[月亮] ,3618959008123661,114.112.65.16,1378310527,1,0
1563389275,我对西藏的感情，超越我的生养之地，超越所居的任何城市。我见的它的好和不好，辉煌🎇和残败，均不能减损我对它的情感和虔诚🙏🙏🙏。I will be back my Tibet.✈,3618596234709406,124.205.52.139,1378224036,1,0
2049389352,#晚安#【人生十淡】①淡名：有则珍惜无不强求。②淡利：金钱乃身外之物，适度就好。③淡誉：公道自在人心。④淡辱：荣辱常常与共。⑤淡得：得不狂喜，心之怡然。⑥淡失：塞翁失马焉知非福。⑦淡饮：嗜酒伤身。⑧淡食：脂肪多为百病之源。⑨淡友：君子之交淡如水。⑩淡定：心态决定命运。,3618958550854306,114.112.65.13,1378310418,1,0
2886322374,[心]统一安排，哈哈，以示公平。要不来俺画院[嘻嘻],3618959067561190,220.175.87.10,1378310538,2,0
2727048505,【耗资15亿打了几百口空井！】据网友李鸣生称:2008年王永春担任大庆油田副总后，曾在大庆油田先后动用近万人开展“海拉尔大会战”，耗资15亿，却打了几百口空井，贪腐极其惊人！敢问一句：中石油窝，到底还有多少老虎？（更多请看长文）@袁裕来律师@何兵@徐昕@二黑媳妇@长江直播@卫庄,3618959221506600,120.85.66.123,1378310578,1,0
3602652003,//@阿姜-aa: 关注！ //@晉綏司令:博主是王博士的什么人？ //@书海飘香22: //@民宪茶馆5: 民宪之肇始，复国之灯塔-炳章先生 //@曹候憧: //@麓山白云8: //@郭谊归来: 强烈推荐关注！ //@彼岸01曦微:粉丝太少了！ //@廢癡二世: //@彼岸01曦微: 细听三民主义勇士的英雄事迹！ //@炳章的故事:很好。,3618959700070576,221.7.7.124,1378310689,3,0
1655444627,【逆天了！世界第一软妹子，柔韧到无人能及…】她被誉为世界上最柔软的女人！就像下图所显示的一样，柔体表演者Julia Guenthel拥有无人能及的柔韧身体。这位金发尤物以艺名兹拉塔出现在舞台上，能把身体弯曲成人们最不敢想象的姿势，她身体的柔软度打破了几项世界纪录。惊呆了！http://t.cn/z8I3Ava,3618959024356907,114.112.65.11,1378310529,1,0
3248219402,[给力][给力][给力]加油,3618959742022780,117.136.26.175,1378310699,2,0
2219227283,因水而生，因水而美，因水而兴，这就是水上都市威尼斯，世界上唯一没有汽车的城市。~,3618959788360583,114.112.65.16,1378310713,1,0
2109672031,有好心人提供打飞机的资料吗 据说 失眠打个飞机就可以睡了,3618959129372350,111.85.83.57,1378310555,1,0
1870530032,反正都是中央财政拨款，狂贪纳税人的钱，然后在其它地方涨价弥补漏洞。 //@谢佑平: 这叫公开＂洗钱＂，把公款变私款的常见手法。,3618959880464848,116.233.90.37,1378310736,3,0
1684069571,潮流？//@鸟兽虫木自然保育会:与据说“萤火虫文化节”不放飞一只萤火虫的活动相比，这种大量萤火虫的放飞活动对当地生态系统有着巨大的威胁！！！//@一头大鱼:拿着一万多条小生命当烟花，顶着罪名，用这种负面手段来达到你们的推广目的，真够可耻的。请放过这一万只萤火虫吧，让它们去完成自己的使命。,3619320955057565,125.217.233.150,1378396820,3,0
1581544960,//@刘刚吃亏是福: 转发微博,3619320908916388,119.6.98.58,1378396811,3,0
2525636520,这里是为情感受伤的人专门开辟的新天地，来看看，你会好受多的！,3619320955908401,114.112.65.13,1378396823,3,0
2288486705,  感觉农家饭里最好吃的是鱼，大铁锅底下熬鱼，上面贴饼子和花卷 。【感谢@四楼女神@刘誉帆 提供】咱天津人受不了这个，传统美食，贴饽饽nao小鱼。[哈哈]【索咱天津ing卫自个儿的四儿--关注@奏耐天津】,3617871449889692,114.112.65.11,1378051231,1,0
1581544960,春华秋实，也是因为一直在努力。这样的雨夜，伤感是难免的，只是伤感的时候，更明白自己的方向在哪。晚安。,3617871470862830,119.6.98.58,1378051238,3,0
1780417033,【衣服打包办法，尤其是女生必看】美国洛杉矶空姐 Heather Poole 同时也是一名打包达人，在网站上的12张幻灯片中，她演示了如何在一个行李箱内装入10天内全部要穿的衣服。经常去出差或者旅行的童鞋们收藏吧~～@实用小百科（转）  ,3617871643510737,114.112.65.18,1378051279,1,0
1642482194,【老牛送杂志第二季跟踪】@牛文文 和@酒仙网郝鸿峰 送10万本《创业家》杂志及10万瓶酒 活动已结束！离您得到老牛和老郝联合赠送的9月刊杂志和一瓶美酒还有7天。查询按照规则是否成功获得奖品页面：http://t.cn/zQupTic 查询自己是否按照规则执行页面：http://weibo.com/1653714227/A4LfTlfQs,3617872154871817,114.112.65.16,1378051402,1,0
1762719777,再见了八月，九月你好。,3617509192484187,117.135.132.37,1377964864,1,0
2097225683,转发微博,3617509506872378,14.147.86.140,1377964940,3,0
2095611192,发型对了，怎么穿都美~,3618233766880566,114.112.65.13,1378137616,3,0
3312353421,洗洗睡了！,3618233884082760,114.248.59.24,1378137642,3,0
1237396904,哈哈，没有。,3618233972507550,58.16.170.137,1378137663,2,0
1463781912,//@王鹏律师: 分谁找你喝茶[哈哈] //@费明微博://@费明微博: 转发微博,3618234521484724,61.149.245.177,1378137796,3,0
3248219402,[挖鼻屎][挖鼻屎][挖鼻屎],3618596943432415,117.136.26.175,1378224201,2,0
2097225683,转发微博,3617509456803510,14.147.86.140,1377964925,3,0
2250108614,电池+口香糖锡纸=取火工具。,3617509964445016,114.112.65.15,1377965049,3,0
3461350924,太打击人了！,3617510882978461,183.46.86.8,1377965266,2,0
1906451387,回复@明希舍:不知这些狗有无被全部领养，如果没有的话，也可以网络继续推领养的，不过最好是发布具体狗狗的情况。谢谢。 //@明希舍:这个消息有问题，是去年的。,3617511347869813,70.52.186.198,1377965375,3,0
1837687634,不造谣会死？事故发生于上午10点50分，你早上8点多就在9公里外闻到味道了？//@托塔天王V:我关心因＂烟雾弹＂致死的15人。,3617511423916064,119.87.129.149,1377965394,3,0
2250108614,这应该不会，但这药能让你放屁声大点。。”,3618596175094303,114.112.65.14,1378224020,3,0
1848090933,有一天我做了一个恐怖的梦，梦见我32岁了。然后当我醒来，发现自己只有23岁，就放心了。但是后来我真的从梦里醒来，发现自己确实是32岁了。时间过得很快，20岁是人生的巅峰状态，从那以后我们就开始走下坡路了。——《爱在日落黄昏时》 [转],3619320909400841,117.135.132.37,1378396810,1,0
1601563722,有些爱情，就算你费尽心机，用尽力气，卑躬屈膝，也不可能把它留住。并非是命运注定你不能爱，而是你们两个不合适。两个生活里不合适的人可以在精神中爱着，但越爱就越累。相爱不是万能的，真要在一起，靠的并不是感情，而是在爱里面为对方而改变。相爱其实是一种迁就。——陆琪（上帝保佑，大家晚安）,3619321160885877,115.192.142.75,1378396870,1,0
1726847380,【香港】宣明會發起援助敘利亞難民計劃（3/3）而最年長男女參加者，分別是98歲的馮兆海及100歲的陳月媚。,3618959079036515,119.133.248.77,1378310546,1,0
2067756135,过好自己的人生，让别人来死缠烂打吧。[good],3618233720733891,117.135.132.44,1378137602,3,0
1726544024,大家觉得今天MX3发布会的亮点和缺点各是什么？[偷笑],3618233863434497,14.31.7.75,1378137639,1,0
1656818114,硅谷玩法。,3618233933987209,61.148.244.36,1378137656,2,0
1744491812,我想要的，一直很简单。,3618234228086665,114.112.65.15,1378137726,3,0
2356423042,没睡的夜猫子们，在这条微博里聊聊天吧~[喵]说不定还能找到夜猫子以后每晚陪你聊。[害羞]人生最快乐的事之一，就是和一群聊得来的三八在三八。[月亮],3619683267858912,114.112.65.15,1378483204,1,0
2697649164,//@泉州的人/@吾非笨熊://@/@金馨ABC://@周容娇为父申冤5: 请广东省委常委、珠海市委书记李嘉同志，自我检查省常委的承诺。带领斗门区官员执行的现实实例证据。,3619683796065332,112.96.191.96,1378483331,3,0
2207302915,胜读十年书！,3619683334646923,210.14.128.146,1378483218,3,0
2525636520,火锅烫菜时间表，吃货们赶紧收了,3619683381133312,114.112.65.13,1378483227,3,0
2094022941,@娜小疯子_ 快点！！！灭世，穹顶之下，行尸走肉……这下眼睛都要追瞎了！！,3619683468628643,113.57.189.59,1378483252,3,0
1463781912,[嘻嘻],3619684303372821,111.193.171.241,1378483452,2,0
2305056670,多的是你不知道的事~[心],3619684324603354,210.14.128.146,1378483454,3,0
1848090933,[赞]是的,3619684538942950,117.135.132.45,1378483507,3,0
1699540307,#互动话题#《千里共良宵》主题《秋天的歌》，主持@中国之声昀瑾 。,3619684039105911,114.66.198.226,1378483387,1,0
2699566192,别怕输不起，一切来得及~[爱你]超美的旧时代画报，喜欢的童鞋，推荐关注@旧时代画报[好棒],3619684324346462,210.14.128.146,1378483454,3,0
2594572740,回复@梧桐部落陈善峻:@燕赵剑客 听说过吗？ //@梧桐部落陈善峻:没有听说过，是骗子吧。,3619683586079901,163.125.81.181,1378483280,3,0
2328569394,[嘻嘻][嘻嘻],3618596439800141,222.90.160.64,1378224083,3,0
1884245222,小象遭母象踩踢 流泪5小时 http://t.cn/z8fyYvQ,3618596695915522,121.9.213.45,1378224144,1,0
2328569394,哎哟[嘻嘻],3618596750452678,222.90.160.64,1378224158,3,0
1701401324,//@大案：转一次，这颗年轻的冤魂就稍安宁；转一次，她年迈的母亲就多一份希望；转一次，离正义的距离就更接近,3618596117244077,219.239.230.9,1378224007,3,0
1655444627, 盖茨比信奉这盏绿灯，这个一年年在我们眼前渐渐远去的极乐的未来。它从前逃脱了我们的追求，不过那没关系——明天我们跑得更快一点，把胳臂伸得更远一点……总有一天…… 于是我们继续奋力前行，逆水行舟，被不断地向后推，被推入到过去。 ——弗·司各特·菲茨杰拉德《了不起的盖茨比》,3618597160917001,114.112.65.11,1378224254,1,0
2105572521,和儿童就要说儿童的话，不然他们听不懂。,3618958785968724,145.64.134.242,1378310473,2,0
1559896761,//@叶恭默: //@梗叔:请大家支持这位有勇气、有行动力的年轻人！@雷闯 @倾听底层 @杨子评 @叶恭默 @王江松-PHILOSOPHY @天使城杰夫,3617509221422638,124.204.189.241,1377964871,3,0
2080983980,//@求知斋: //@小朋友家族族长: //@梁忏之: //@大众志原者: //@汉语碎片: 转发微博,3617509489881573,123.202.172.144,1377964932,3,0
1638781994,针对全运会游泳马拉松女子十公里项目比赛的不愉快事件，天津代表团表示不会上诉，事件回放：http://t.cn/z8cQt2p,3618234512852302,61.135.152.218,1378137793,3,0
2202927014,@现代快报 【无锡公安民警霸占民房】公安厅长督察查实民警魏建华（警号025066）“未经你们委托授权&quot;霸占无锡金匮苑24号101室124平方的犯罪事实！《公安机关信访工作规定》37条：公安机关在督办过程中发现民警违法违纪问题应及时通报并提出处理意见。公安却不受理，群众路线活动允许吗？,3618233695563211,112.4.2.48,1378137600,3,0
1973827952,我欣赏女人这样活着 治愈情感学,3618233729187785,114.112.65.13,1378137608,3,0
3240000872,我今天在#微盘签到#获得了54M免费空间，好运指数2颗星，你也来试试手气吧。@微盘 新浪网旗下云存储网盘！签到没过瘾？微盘玩大的！100G免费空间，限时疯抢中[最右]http://t.cn/z8w3lJY,3618234241000056,180.149.134.107,1378137730,1,0
1733770795,不服老不行[泪],3618233716538151,117.135.132.44,1378137601,3,0
1977460817,【让你快速入睡六个方法】1、睡觉前洗个澡，使身体放松；2、上床睡觉前要保持情绪稳定，不要胡思乱想；3、可以饮一杯温热的牛奶；4、睡前1小时要远离电脑、电视；5、请把忧虑暂时放在一边，不要去想它；6、进行深呼吸，保持安静，使精神集中起来，尽快入睡。睡觉是养生的第一要素，不要熬夜啦！（转）,3618233984766880,211.100.47.134,1378137668,1,0
2131445654,没睡的夜猫子们，在这条微博里聊聊天吧~[喵]说不定还能找到夜猫子以后每晚陪你聊。[害羞]人生最快乐的事之一， 就是和 一群 聊得来的三八在三八。[哈哈] ,3619320972689132,114.112.65.17,1378396826,1,0
1494720324,#今日叙利亚#【半岛刊发的奥巴马和普京见面的照片】配发的标题是，叙利亚阴影挥之不去。-- 这张，奥巴马比较自然，好像普京有点别扭？,3619321441930167,1.202.124.254,1378396939,1,0
1644051882,又见美菜，弘基呢？,3619321689122338,113.96.72.54,1378396998,1,0
2543736810,好去吧88,3619322884837658,113.111.3.74,1378397279,2,0
1733787604,晚上睡觉睡着需要1个小时。无聊时睡觉睡着需要30分钟。上课时睡觉睡着需要10分钟。写作业时睡觉睡着需要5分钟。早上关闹钟再躺下时睡着只需半秒钟。。。同感的举手。(转),3619320905566223,117.135.132.44,1378396808,1,0
1299654943,#基辛格论毛、周、邓#毛泽东是有远见的冷静的革命领袖；周恩来是高傲有魅力、干练的行政主管，在谈话时带有孔圣人般自然的优雅和过人的智慧；邓小平则是具有根本信念的改革者。这三个人反映出的是古老中国经验的精华，能够分辨何者应该坚持，何时应权变。他们比较不在意计较小地方，而着重建立信心。 ,3619320913595355,114.112.65.13,1378396812,1,0
1548157754,太平天国信仰的是邪教，所以，不淫邪就不正常了！！！ ——看到兼听则明的博文《太平天国失败的根源是腐败淫乱》有感而发的评论。http://t.cn/hKssc,3618234420569027,112.10.184.106,1378137771,1,0
3542550035,//@美猴九世老王: //@淡定的槛内人: [威武][good]//@赵伟67:谁为谁走，谁为谁留。大浪淘沙，来去自由。古今诸事，付诸东流。唯有勇士，不懈追求。🠥往直前，不怕砍头。//@啸啸愤蹄:历史的进程尽管曲折漫长，但必然朝着正义真理的方向前行，自由、民主、法治、宪政是全人类的文明大道。,3617871885839864,119.166.8.254,1378051337,3,0
3290881611,#有奖转发#参加限时活动http://t.cn/zQGdOEQ，就有机会赢取参加活动，赢3799元三星 Galaxy S4 Zoom 3G手机 ！！！快来参加吧http://t.cn/zQGdOEQ,3617872599224203,114.112.65.12,1378051505,3,0
1406387602,转发微博,3617872624392403,210.14.128.146,1378051511,3,0
2105572521,这话没有意义呀。全球就没有不杀人的国家，难道我们就不追求不杀人的社会吗？,3617872977077213,62.234.93.40,1378051596,2,0
2318703757,这神器碉堡了，[吃惊],3617873413389157,114.112.65.13,1378051698,3,0
2328569394,【梦鸽坚信李天一有美好未来 称受害者有团队操作】9月1日电，李天一等人涉嫌轮奸案在北京海淀法院审理。8月31日，李天一之母梦鸽接受媒体采访，谈及庭审的具体细节及澄清不实谣言，并表示希望网友了解真实的情况。 我在这里:http://t.cn/z82zAfa,3617874205823282,117.35.83.25,1378051888,1,0
2982377872,注意天氣～勿受涼[親親],3617875070400277,112.112.69.143,1378052096,2,0
1912150611,缺乏浪漫，缺乏激情！//@毛利兰_only_loves_Sheldon: 每一代人都有每一代的苦难。只是，这一代，缺乏的，是给灵魂喘息的空间。这，是最悲哀，也是最可怕的！,3617875594381993,119.120.94.129,1378052219,3,0
2169309165,银黄鱼吧//@旅程表: 昨晚宵夜刚煎了一条[汗] //@博志微评:[偷笑]//@太平金黄鱼:不好，越来越多了。游回太平洋。[阴险]//@公道永在民心: 太平产的黄金鱼挺好吃的，又脆又香[哈哈]//@太平金黄鱼:[抓狂]//@博志微评: 谁还想吃？@干卫东律师 @旅程表 @玉翠文章 @感悟人生0316 @反腐史记 //@望庭:哈哈，,3617875795005004,218.108.192.9,1378052270,3,0
1733787604,女汉子的20个习惯。,3617876365823780,117.135.132.45,1378052404,3,0
2609182255,【感人！96岁老人写情歌怀念亡妻：重温往昔美好】&quot;噢，我可爱的洛莲，我希望我们能再过一遍那些美好时光，但生命只有一次，不再重来。&quot;美国伊利诺伊州96岁老人佛莱德斯托博太过想念已过世妻子，特地写了《Oh Sweet Lorraine》。&quot;我知道她会听见的，我仿佛看到了她的微笑。&quot; http://t.cn/z8LoEH1,3617877099540362,125.41.126.57,1378052578,1,0
3290881611,#有奖转发#[给力] 参加限时活动http://t.cn/zQGdOEQ，[赞啊] 就有机会赢取6699元联想IdeaPad Yoga 13.3英寸超极本！！[围观] 快来参加吧http://t.cn/zQGdOEQ,3617871348924634,114.112.65.12,1378051207,3,0
1750067330,有没有截图啊？,3617877154516381,113.68.193.180,1378052593,2,0
2139885703,必须转！[哈哈]@黑童话集,3617871814822102,14.110.232.29,1378051319,3,0
2886322374,[给力] //@王为-霸王大猫:新浪给他们提供了这样说话的平台，其实最应该被抓起来，如果没微博，这些事情不都没了吗？所以我建议博主连新浪一起举报，丫的大家都别玩了，世界也清净了，省的我一天上厕所也得上来刷一下。顺便说下，西游记里叫“吼'的，都是给神仙当坐骑的野兽，你这名容易被当成走狗之类,3617871332875169,115.168.77.68,1378051204,3,0
1299654943,在一些西方媒体，苏联“共妻”说曾持续多年。对此，苏联史学界观点并不统一：要么三缄其口，要么一笔带过。直到上世纪80年代末，《星火》等苏联中央媒体才先后披露事实：在1918年，在许多地方报纸上，出现了一道伪造的“共妻法令”。那些吃白饭的好色之徒将这一法令当作护身符，实践到了1930年。,3617871379214942,114.112.65.13,1378051215,1,0
1109706135,//@淮上棑客: 回复@V美图美文欣赏V:晚上好！[鼓掌][鼓掌][赞] //@V美图美文欣赏V:[给力],3617871332146079,114.254.17.164,1378051203,3,0
1973827952,发现专门分享一个无水印iPhone壁纸的围脖，图片好精美，推 荐给大家！！,3617871349656206,114.112.65.13,1378051209,3,0
2033175114,真好吃，mua~mua~mua~mua~,3618233754295465,114.112.65.18,1378137614,1,0
1700315953,#南屏晚钟#：我们就像无知的小猫，彷徨地存在，心里却盘算着明天必会发生意想不到的好事，终日追逐着那根挂在鼻子前的胡萝卜幻影，其实摆在眼前的不过是一道人生冷豆腐。—森山大道《迈向另一个国度》    晚安，各位。,3618233754359627,114.112.65.17,1378137613,1,0
2250108614,小白鼠为救同伴与蛇搏斗失败后死亡！,3618233770396078,114.112.65.14,1378137615,3,0
2049389352,#晚安#【不要为了任何人任何事折磨自己】比如不吃饭、哭泣、自闭、抑郁，这些都是傻瓜才做的事。当然，偶尔傻一下有必要，人生不必时时聪明。学会承受痛苦。有些话，适合烂在心里，有些痛苦，适合无声无息的忘记。当经历过，你成长了，自己知道就好。很多改变，不需要你自己说，别人会看得到。转,3618233787856583,114.112.65.13,1378137621,1,0
2901072261,[给力]//@墨鉅:我试试，@联合国 @俄罗斯之声 @美国驻华大使馆 @新华视点 @人民日报//@西安判官: 教你一招：你@ 上联合国，新华视点，人民日报，央视新闻 再发，保证不删！我屡试不爽[哈哈]//@墨鉅:估计这是全世界今天最大的笑话了，也是新浪微博有史以来最大的笑话了。小秘书真有才啊！,3618233917970156,110.217.104.163,1378137651,3,0
2093964404,#求教#户口因为学校的关系迁到甘肃，那我能在青海考教师资格证么？如果不能的话，能不能在甘肃考？Via@那个姓马的汉子 ,3618233988518150,114.112.65.10,1378137667,1,0
3171805681,国军抗日老兵，远征军宪兵独立第三营杨宗廉爷爷，看这身板和活力，像90岁的人么？[赞],3617508952964294,119.4.50.200,1377964807,1,0
1936604565,#心飞翔#不要轻易暴露内心的脆弱，学会承受应该担当的一切；不要轻易述说生活的狼狈，学会面对杂乱无序的现实；不要轻易虚度每一天的光阴，因为那都是你余生中的第一天；不要轻易向世界妥协，它让你哭，你要在坚持中让自己笑。只要我们能承担、不逃避、会珍惜、心坚强，人生就不会太苍白。 晚安！,3617508970405942,114.112.65.13,1377964812,1,0
2759706723,//@Oh_NO_X源_纯粹: //@真妮花的愛:为什么[泪][泪][泪]//@满眼荒唐事:[怒骂][愤怒] //@为你祈福_YI://@肋骨似把刀: //@歐陽學應II: //@游精佑: 转发微博,3617509322553376,211.137.220.151,1377964894,3,0
2713118551,你们连我发个标点符号都能联想那么多？你们是到底爱我有多深？,3617509552506223,116.228.212.212,1377964950,3,0
2917855455,毛泽东曾说过：“让人讲话，天不会塌下来，自己也不会垮台；不让人讲话，那就难免有一天要垮台。”无论是在什么时代，不要以为掌握了大权，就可以为所欲为，就能够把老百姓的嘴巴堵住；当然，这可能得逞于一时，但是，终归是要被老百姓赶下台的。自去年以来至今的封闭左网，给人民“胶带”即是例证。,3619320997293826,60.168.149.13,1378396830,1,0
1407728082,政府也不是不想控制房价，实在是没有好的办法，因为土地制度是根源，又不敢动。,3619321001198328,115.60.134.137,1378396833,3,0
1866495031,[抱抱]您好，ChatON是免费下载的，只需扫描大图二维码或者登陆SamsungApps搜索应用名称即可完成下载，请放心使用，关注SamsungApps官方微博，更多ChatON功能分享在这里,3619321123354824,124.205.129.3,1378396859,2,0
3062287903,转发微博,3619321647174942,119.1.200.210,1378396987,3,0
1935416251,眼睛为她下着雨，心却为她打着伞，这就是爱情,3619322159671211,117.135.132.37,1378397109,3,0
1780417033,八个错误刷牙常识你不可不知[赞],3619323190552356,210.14.128.146,1378397353,3,0
3638164040,在工作之中，你需要有责任心，责任心强的人常是能够审时度势选择适度的目标，并持久地、自信地追求这个目标，责任心强的人也就是容易事业成功。  ,3617872381415282,114.112.65.16,1378051455,1,0
1548157754,洋奴们的共同秉质就是三大穷性。一、文化认知上的穷性。二、道德人格上的穷性。三、个人追求上的穷性。所以，这也就组成了美国的穷性。所以，美国在发展经济中的拿手好戏，就是去抢！！！翻开美国的历史，其二百多年来进行了一百多场对外战争。成了世界上“专业的抢劫大户”。穷性至极！！！,3617872783789748,111.0.92.218,1378051551,3,0
2615417307,[xkl拥抱],3618958496317348,118.199.238.255,1378310404,2,0
1782966774,寻人：华工学生谢素娟[爱心传递] 转发一下，多一份希望早点找到她。,3618958546659314,114.112.65.18,1378310416,3,0
1406387602,转发微博,3618958550514061,210.14.128.146,1378310416,3,0
2637571473,我向组织认罪,3618959016514474,113.91.209.1,1378310529,2,0
2750214067,//@种菜啦: 中国（广州）国际有机食品展览会于2013年9月7-9日 在广州广交会琶洲展馆举行，欢迎莅临A097麦高农场 展位洽谈。,3618233737085441,119.165.189.70,1378137609,3,0
1198367585,读书破万卷嘛。,3618234693465975,61.148.244.50,1378137834,2,0
2356423042,我想要的很简单，老了，有你们在。[爱你],3618234773164913,210.14.128.146,1378137854,3,0
2759706723, //@老麻轮://@老麻轮://@老麻轮://@老麻轮://@占家玉: //@Opera2759706723:  //@老麻轮://@老麻轮:#请插入话题名称#@Y_Kun1 //@老麻轮://@老麻轮://@老麻轮://@中国正能量V:@佛山背后 @绝对言论 @干卫东律师 @迟夙生律师 @袁裕来律师 @太平金黄鱼@神父莪侑罪Albert,3618235146575675,59.151.95.213,1378137945,3,0
1477045392,回复@葱花子:我就不告诉你....我要禁止你买我的东西....你直接蒸不就完了？ //@葱花子: 我放饭里加水一起面煮熟，一股猪油齁味儿，不知道怎么形容，是不是煮的方法不对？广式香肠，问你们客服没人搭理我 //@五岳散人:回复@luna_wing:我还打算从此不做了，看来还是有人喜欢的。那就接着做。,3618234135331495,123.118.126.125,1378137703,3,0
2648728371,躺枪博物馆,3618235255981692,114.112.65.13,1378137970,3,0
2250108614,【失恋女改版董小姐直戳泪点】《董小姐》变身《简先生》，打赌那句“快回家吧”会戳到… [心],3618235750690903,114.112.65.15,1378138089,3,0
2799368122,喜欢余额宝？熟悉余额宝？快来参加天弘基金官方微信“有奖闯关”活动吧！  扫描天弘基金二维码或加入天弘基金公共账号：tianhongjijin   输入“有奖闯关”即可开始答题。每天闯关成功者即有机会赢得由@支付盾-天威诚信 友情赞助的支付盾1枚或 增小宝玩偶1个~~~每天奖品各3个，活动时间：9月3日至9月7日,3618233715865726,10.73.14.39,1378137604,1,0
1733787604,人的眼睛有5.76亿像素 但却终究看不懂人心。。「转」,3619683297226904,117.135.132.45,1378483212,1,0
1494720324,回复@借山吟:我个人研究了一下，他们今天应该都脱稿了。讲话的风格都完全不对。估计会谈时真的吵架了。 //@借山吟:今天，奥巴马动情了；而普京也有点急了。在叙利亚问题上，双方距离似乎更远了。,3619683321815608,1.202.124.254,1378483215,3,0
2288577367,环境可以乱，心灵不能乱；做事可以赶，心不可以急。,3619683334984635,114.112.65.18,1378483220,3,0
1806128454, #历史上的今天#【《辛丑条约》签订】1901年9月7日，中国清朝政府被迫和英国、美国、日本、俄国、法国、德国、意大利、奥匈帝国等11国签定《辛丑条约》。《辛丑条约》是中国近代史上赔款数目最庞大、主权丧失最严重的不平等条约，中国赔款9.8亿两白银，因此有“九七国耻”一说http://t.cn/zWenYXB,3619683334646958,114.112.65.14,1378483218,1,0
1701401324,//@大案：转一次，这颗年轻的冤魂就稍安宁；转一次，她年迈的母亲就多一份希望；转一次，离正义的距离就更接近,3619320888785384,219.239.230.9,1378396807,3,0
1477045392,重点是好吃。,3618234257452795,123.118.126.125,1378137733,2,0
1774477863,@小矮人没有白雪公主 这种对哥来说哥照样分分钟搞定 [偷笑],3618234848669027,110.190.163.180,1378137871,3,0
2342318502,如果有一个身材火辣的女人脱光衣服站在一个男人面前。女人狂亲那个男人，有哪个男人真的会抵得住诱惑，讲出一句=对不起 我已经有老婆了 请你穿好衣服 。 敢这么做的男的请转发。不信男人这么做的女生请转发！,3617871677071965,114.112.65.18,1378051284,1,0
3290881611,#有奖转发#[给力] 参加限时活动http://t.cn/zQGdOEQ，[赞啊] 就有机会赢取6699元联想IdeaPad Yoga 13.3英寸超极本！！[围观] 快来参加吧http://t.cn/zQGdOEQ,3617508956861122,114.112.65.12,1377964807,3,0
1684778867,准点到达，一个人的大床房〜滚个蛋蛋先！[哈哈][花心][鼓掌],3617509330484200,124.152.59.95,1377964897,1,0
3350070284,[给力][月亮][月亮]晚安！梧桐姐姐 //@梧桐述语:新浪又让我“休息”两小时[偷笑] //@划一道美丽的彩虹:梧桐姐客气了！[握手][微风][心][微风]  //@梧桐述语:受限，刚解放，[心][礼物]迟复抱歉  //@划一道美丽的彩虹:午安！[微风][微风][微风]   //@梧桐述语:[给力][赞]  ,3617509343254654,211.142.189.200,1377964901,3,0
1730238267,我作死地看了很多不该看的图片，胃不舒服中……,3617510060358184,115.220.5.156,1377965071,1,0
2202927014,@中国党风廉政建设网 【无锡公安民警霸占民房】公安厅长督察查实民警魏建华（警号025066）“未经你们委托授权&quot;霸占无锡金匮苑24号101室124平方的犯罪事实！《公安机关信访工作规定》37条：公安机关在督办过程中发现民警违法违纪问题应及时通报并提出处理意见。公安却不受理，请人民监督！,3618234181938862,112.4.2.48,1378137713,3,0
1762719777,有时候，夜深人静，突然觉得不是睡不着，而是固执地不想睡。[失望]我在用微信听音乐，你呢？,3618234974900901,117.135.132.37,1378137902,3,0
3461350924,这作者是来拉仇恨的吧……,3618235234580055,183.46.142.170,1378137967,1,0
2093964404,#晚安青海#爱和不爱，只是多了一个字，却隔了一个曾经！Via@心里永远只想你一人 ,3618235251359036,114.112.65.11,1378137969,1,0
1471234522,我一直想测试小秘书删贴的底线是什么？今天终于测试明白了，无底线！,3618235482196321,113.46.38.63,1378138025,3,0
3168307074, 毛邓时期，想搞谁搞谁，现在7个人集体负责，谁都不想日后自己被开刀,3618235787777904,27.41.131.135,1378138097,2,0
1577502145,中午又是chapati和蔬菜咖喱，忍不了了[抓狂],3618236392292468,182.185.171.49,1378138242,1,0
1906451387,我复读比不上你们那个诵经机唉，那个牛来[哈哈],3618237772230058,70.52.186.198,1378138571,2,0
1234865357,//t.cn/zQaJXB9中国“公知”的来处、特点和共同属性,3618238205021529,182.142.192.221,1378138671,2,0
2886322374,现实意义[呵呵] //@最后的右派008:配上时代背景这幅【噤若寒蝉】最能体现书如心画，意在笔先。 //@万涛-7405:[给力],3618238225109642,182.96.230.80,1378138675,3,0
1723343590,软文十几万几十万一个版的，应该不是公关公司和记者个人的交易，而是正常的公司之见的商业行为了。,3618238728720665,118.207.75.19,1378138797,3,0
